{
    "boosting_type": "gbdt",
    "metric": "rmse",
    "objective": "poisson",
    "n_jobs": -1,
    "seed": 110,
    "learning_rate": 0.05,
    "lambda_l1": 0.010077285082049709,
    "lambda_l2": 5.656557244462123e-06,
    "num_leaves": 31,
    "feature_fraction": 0.6799999999999999,
    "bagging_fraction": 0.9472647868811837,
    "bagging_freq": 7,
    "min_child_samples": 10
}