{
    "boosting_type": "gbdt",
    "metric": "rmse",
    "objective": "poisson",
    "n_jobs": -1,
    "seed": 110,
    "learning_rate": 0.05,
    "lambda_l1": 9.194951599803579,
    "lambda_l2": 1.4663897367787435e-08,
    "num_leaves": 6,
    "feature_fraction": 0.5479999999999999,
    "bagging_fraction": 0.4771970884672132,
    "bagging_freq": 6,
    "min_child_samples": 20
}