{
    "boosting_type": "gbdt",
    "metric": "rmse",
    "objective": "poisson",
    "n_jobs": -1,
    "seed": 110,
    "learning_rate": 0.05,
    "lambda_l1": 8.729244045675259,
    "lambda_l2": 1.665004162027015e-05,
    "num_leaves": 27,
    "feature_fraction": 0.8160000000000001,
    "bagging_fraction": 0.5006040147327563,
    "bagging_freq": 2,
    "min_child_samples": 20
}