{
    "boosting_type": "gbdt",
    "metric": "rmse",
    "objective": "poisson",
    "n_jobs": -1,
    "seed": 110,
    "learning_rate": 0.05,
    "lambda_l1": 0.00021437724307610555,
    "lambda_l2": 0.04641358625950068,
    "num_leaves": 6,
    "feature_fraction": 0.9840000000000001,
    "bagging_fraction": 0.6541076014558784,
    "bagging_freq": 7,
    "min_child_samples": 20
}