{
    "seed": 110,
    "learning_rate": 0.01,
    "n_estimators": 100000,
    "boosting_type": "gbdt",
    "metric": "rmse",
    "lambda_l1": 1.6130434961741487e-05,
    "lambda_l2": 0.04238125798345742,
    "num_leaves": 66,
    "feature_fraction": 0.9520000000000001,
    "bagging_fraction": 1.0,
    "bagging_freq": 0,
    "min_child_samples": 20
}